key,value
"BILL-010,ERP-004,ERP-014,CRM-008,BILL-007,ERP-011,CRM-004,BILL-004,MW-019,MW-004,MW-010,MW-027,ERP-019","Implementation of Enterprise Billing features, secure tunnels, custom rate plans, contract CRM sync, ensuring seamless integration across telecom infrastructure."
"CRM-006,CRM-005,BILL-005,BILL-007,ERP-015,UI-012,BILL-004,MW-006","Implementation of Enterprise Billing features, custom rate plans, secure tunnels, contract CRM sync, ensuring seamless integration across telecom infrastructure."
"MW-003,MW-011,MW-010,MW-007,ERP-012,CORE-006,MW-019,ERP-008,MW-028,MW-024,MW-020","Implementation of Spectrum Management features, ordering backend, revenue analytics, allocation system, orchestration middleware, ensuring seamless integration across telecom infrastructure."
"ERP-014,MW-025,CRM-009,ERP-008,MW-002,MW-012,BILL-003,MW-023,BILL-001,CRM-001,MW-001,MW-009","Implementation of Enterprise Billing features, contract CRM sync, custom rate plans, secure tunnels, ensuring seamless integration across telecom infrastructure."
"CRM-010,MW-026,OSS-001,UI-005,CRM-005,CRM-001,MW-016,MW-015,MW-013","Implementation of Fixed Wireless features, installation UI, provisioning middleware, site acquisition OSS, ensuring seamless integration across telecom infrastructure."
"CORE-012,MW-016,MW-026,ERP-012,UI-011,MW-005,MW-029,ERP-009","Implementation of IoT Expansion features, MQTT middleware, fleet UI dashboards, ensuring seamless integration across telecom infrastructure."
"MW-028,MW-012,UI-010,MW-009,CRM-005,MW-017,OSS-009,OSS-008,UI-004","Implementation of Fixed Wireless features, provisioning middleware, installation UI, site acquisition OSS, ensuring seamless integration across telecom infrastructure."
"UI-010,ERP-015,OSS-003,UI-020,ERP-020,MW-002,MW-014,UI-008,MW-004,OSS-001,MW-028,MW-030","Implementation of eSIM Provisioning features, self-service UI, mobile middleware, profile ERP downloads, ensuring seamless integration across telecom infrastructure."
"MW-021,CORE-015,MW-026,MW-012,MW-010,MW-014,ERP-009,CORE-008,OSS-002,OSS-009,CORE-002","Implementation of Edge Computing features, OSS monitoring, low-latency integration, edge routing middleware, ensuring seamless integration across telecom infrastructure."
"MW-005,MW-025,CRM-002,MW-030,MW-011,CORE-009,MW-019,UI-016,CRM-009,OSS-002,CRM-001,BILL-006","Implementation of Compliance Updates features, audit OSS logs, secure middleware, data privacy CRM, ensuring seamless integration across telecom infrastructure."
"MW-030,ERP-016,MW-012,UI-012,ERP-013,MW-022,MW-013,ERP-006,UI-018,MW-006,CORE-012,ERP-007,ERP-012,ERP-002,UI-019,UI-015","Implementation of 5G Introduction features, volumetric billing, plan UI refreshes, IoT middleware, core network migration, ensuring seamless integration across telecom infrastructure."
"MW-027,MW-008,MW-025,CORE-003,CORE-011,MW-013,MW-007,CORE-001,UI-002","Implementation of Fiber Optic Rollout features, field service UI, optical network core, ensuring seamless integration across telecom infrastructure."
"UI-017,CORE-001,UI-012,UI-009,CORE-005,CORE-008,UI-005,CORE-010","Implementation of Handover Optimization features, seamless switching middleware, coverage UI, mobility management core, ensuring seamless integration across telecom infrastructure."
"UI-004,UI-013,MW-014,CORE-013,MW-025,MW-028,ERP-014,MW-029,MW-005,MW-002,UI-017","Implementation of eSIM Provisioning features, mobile middleware, self-service UI, profile ERP downloads, ensuring seamless integration across telecom infrastructure."
"ERP-011,ERP-019,ERP-013,MW-017,ERP-014,MW-009,MW-013,MW-002,BILL-009,UI-017,ERP-009,BILL-010,MW-018,MW-010,ERP-020","Implementation of Private Networks features, custom ERP setups, dedicated middleware, admin UI portals, ensuring seamless integration across telecom infrastructure."
"MW-016,MW-005,MW-017,MW-023,MW-018,ERP-010,MW-029,CORE-002,MW-028,ERP-003,UI-013,ERP-002,MW-003","Implementation of URLLC Services features, priority queuing ERP, latency UI, real-time middleware, ensuring seamless integration across telecom infrastructure."
"UI-015,CORE-009,CORE-005,MW-001,MW-006,OSS-004,ERP-005,UI-013,MW-019,MW-003,OSS-001,OSS-002,CORE-010","Implementation of Network Automation features, AI ops OSS, predictive maintenance, ensuring seamless integration across telecom infrastructure."
"UI-006,MW-026,MW-003,CORE-015,ERP-010,MW-024,ERP-001,MW-027,UI-003,UI-014,ERP-009,ERP-004,ERP-008,CRM-006,MW-012,MW-021,UI-008","Implementation of VoLTE Upgrade features, voice call telephony, call billing ERP, ensuring seamless integration across telecom infrastructure."
"MW-002,CORE-015,MW-017,MW-027,ERP-015,MW-025,ERP-005,ERP-020,MW-010,CORE-011","Implementation of Spectrum Management features, revenue analytics, orchestration middleware, allocation system, ensuring seamless integration across telecom infrastructure."
"CORE-014,MW-024,ERP-001,MW-009,MW-008,MW-017,MW-026,MW-001,ERP-013,MW-006","Implementation of Network Automation features, AI ops OSS, script middleware, ensuring seamless integration across telecom infrastructure."
"MW-021,MW-014,MW-002,OSS-008,CORE-006,MW-004,MW-022,MW-030,UI-010,CORE-013,CORE-015,MW-025","Implementation of Edge Computing features, edge routing middleware, low-latency integration, ensuring seamless integration across telecom infrastructure."
"ERP-011,ERP-017,UI-017,UI-020,MW-010,MW-015,MW-014,ERP-001,MW-013,UI-001","Implementation of Private Networks features, dedicated middleware, custom ERP setups, ensuring seamless integration across telecom infrastructure."
"UI-006,ERP-007,MW-027,CRM-003,OSS-006,CORE-001,UI-016,UI-011,MW-001,MW-011,CORE-008,MW-030,BILL-009","Implementation of Fiber Optic Rollout features, backhaul provisioning, field service UI, ensuring seamless integration across telecom infrastructure."
"CORE-010,MW-028,MW-006,MW-002,MW-012,MW-004,CORE-012,OSS-005,MW-023","Implementation of Edge Computing features, low-latency integration, OSS monitoring, edge routing middleware, ensuring seamless integration across telecom infrastructure."
"CORE-013,MW-003,UI-006,UI-015,UI-003,MW-004,UI-001,UI-016","Implementation of eSIM Provisioning features, mobile middleware, profile ERP downloads, self-service UI, ensuring seamless integration across telecom infrastructure."
"UI-015,MW-005,ERP-003,UI-008,UI-014,ERP-010,UI-016,UI-001,MW-024,ERP-014,MW-015,MW-008,MW-030,UI-020,MW-009","Implementation of IoT Expansion features, device management ERP, fleet UI dashboards, ensuring seamless integration across telecom infrastructure."
"MW-028,MW-020,CORE-005,MW-011,ERP-013,ERP-018,MW-024,CORE-014,MW-029,MW-026,MW-013,MW-030,MW-003","Implementation of Network Slicing features, SLA analytics, slice billing ERP, virtualization middleware, ensuring seamless integration across telecom infrastructure."
"CORE-004,CORE-009,MW-029,MW-016,UI-016,MW-010,MW-027,MW-019,MW-021","Implementation of Fiber Optic Rollout features, backhaul provisioning, optical network core, field service UI, ensuring seamless integration across telecom infrastructure."
"MW-024,UI-003,MW-030,MW-012,MW-015,MW-018,MW-003,BILL-002,UI-016,MW-025,UI-004,MW-008,CRM-009","Implementation of VoIP Integration features, unified comms CRM, softphone UI, SIP middleware, ensuring seamless integration across telecom infrastructure."
"ERP-001,MW-003,BILL-005,MW-011,ERP-010,MW-014,BILL-002,ERP-019,ERP-007,MW-008,MW-030,MW-026,CRM-004,ERP-017,MW-004","Implementation of Enterprise Billing features, contract CRM sync, secure tunnels, custom rate plans, ensuring seamless integration across telecom infrastructure."
"MW-005,MW-014,MW-029,UI-016,MW-030,MW-008,ERP-011,UI-006,UI-013,MW-007,CRM-006,OSS-002","Implementation of Fixed Wireless features, site acquisition OSS, provisioning middleware, installation UI, ensuring seamless integration across telecom infrastructure."
"UI-017,CRM-009,MW-004,CRM-004,MW-029,UI-007,ERP-012,UI-019,MW-016,UI-012,UI-020","Implementation of VoIP Integration features, softphone UI, unified comms CRM, ensuring seamless integration across telecom infrastructure."
"CORE-008,MW-011,OSS-010,MW-022,MW-021,CORE-013,OSS-006,MW-012,MW-003,CORE-001,ERP-010,OSS-003,CORE-015,MW-026,MW-007","Implementation of Network Automation features, AI ops OSS, script middleware, ensuring seamless integration across telecom infrastructure."
"UI-010,MW-013,UI-018,UI-019,ERP-004,MW-023,CORE-008,MW-002,UI-007,MW-005,CORE-002","Implementation of Fiber Optic Rollout features, backhaul provisioning, optical network core, field service UI, ensuring seamless integration across telecom infrastructure."
"MW-027,UI-016,OSS-010,OSS-002,CORE-010,UI-002,ERP-004,ERP-005,CRM-005,OSS-005","Implementation of Cybersecurity features, zero-trust middleware, access controls ERP, monitoring UI, ensuring seamless integration across telecom infrastructure."
"BILL-006,ERP-006,MW-012,CRM-001,ERP-016,BILL-010,ERP-014,MW-016","Implementation of Enterprise Billing features, secure tunnels, contract CRM sync, ensuring seamless integration across telecom infrastructure."
"MW-006,MW-013,UI-015,MW-004,MW-028,ERP-009,MW-026,UI-017,ERP-017,MW-022,BILL-009,ERP-007,MW-015,UI-013,UI-003","Implementation of VoLTE Upgrade features, voicemail UI, voice call telephony, ensuring seamless integration across telecom infrastructure."
"MW-002,UI-009,MW-007,CRM-001,MW-001,CRM-005,MW-017,MW-005,MW-025,UI-020,UI-004,CRM-004,MW-024","Implementation of VoIP Integration features, SIP middleware, softphone UI, ensuring seamless integration across telecom infrastructure."
"UI-002,MW-019,OSS-007,CRM-007,MW-029,MW-026,MW-023,CRM-008,UI-016,MW-016,MW-010,UI-005,OSS-004","Implementation of Compliance Updates features, secure middleware, data privacy CRM, audit OSS logs, ensuring seamless integration across telecom infrastructure."
"ERP-005,ERP-019,MW-001,CRM-001,CRM-006,BILL-003,MW-005,CRM-002","Implementation of Enterprise Billing features, secure tunnels, custom rate plans, contract CRM sync, ensuring seamless integration across telecom infrastructure."
"MW-006,MW-015,MW-023,UI-012,MW-024,MW-008,ERP-014,MW-010,ERP-020,MW-009","Implementation of eSIM Provisioning features, profile ERP downloads, self-service UI, mobile middleware, ensuring seamless integration across telecom infrastructure."
"ERP-013,CORE-012,MW-011,MW-003,CORE-015","Implementation of Carrier Aggregation features, RAN core enhancements, bandwidth allocators, ensuring seamless integration across telecom infrastructure."
"CORE-001,CORE-004,CORE-009,OSS-004,BILL-005,CORE-002,MW-026,UI-015,CORE-010,UI-006,MW-028,UI-012","Implementation of Fiber Optic Rollout features, field service UI, optical network core, backhaul provisioning, ensuring seamless integration across telecom infrastructure."
"UI-017,UI-001,MW-002,MW-018,ERP-020,ERP-014,MW-029,ERP-016,MW-003,MW-001,UI-007,MW-012,MW-005,ERP-019","Implementation of eSIM Provisioning features, mobile middleware, profile ERP downloads, self-service UI, ensuring seamless integration across telecom infrastructure."
"MW-024,UI-019,ERP-008,MW-007,ERP-007,MW-023,UI-002","Implementation of Private Networks features, admin UI portals, dedicated middleware, custom ERP setups, ensuring seamless integration across telecom infrastructure."
"ERP-010,MW-010,MW-011,ERP-016,MW-001,ERP-006,ERP-011,MW-016,MW-005,MW-004,UI-007,ERP-019,UI-006,UI-002,UI-005","Implementation of URLLC Services features, latency UI, real-time middleware, ensuring seamless integration across telecom infrastructure."
"UI-001,UI-015,OSS-008,CRM-001,ERP-006,OSS-004,OSS-010,MW-029,UI-008,UI-016,ERP-005,ERP-015","Implementation of Cybersecurity features, access controls ERP, monitoring UI, ensuring seamless integration across telecom infrastructure."
"CORE-015,MW-019,ERP-008,MW-017,MW-002,OSS-001,CORE-009,OSS-009,MW-028,CORE-010,UI-002,ERP-002,MW-016,BILL-005","Implementation of 5G Introduction features, volumetric billing, IoT middleware, core network migration, plan UI refreshes, ensuring seamless integration across telecom infrastructure."
"MW-030,MW-005,MW-023,MW-006,ERP-015,MW-012,MW-025,ERP-014,UI-010,MW-011,MW-019,UI-019,MW-024,OSS-004,ERP-020,OSS-008,MW-001","Implementation of Cybersecurity features, access controls ERP, zero-trust middleware, monitoring UI, ensuring seamless"
